Top queries,Clicks,Impressions,CTR,Position
t&j nails,8,113,7.08%,4.35
t and j nails,8,77,10.39%,13.83
t & j nails,5,61,8.2%,4.84
tj nails,1,219,0.46%,5.72
nail salon near me,1,94,1.06%,14.76
nails near me,1,32,3.12%,15.66
nail salon katy,1,9,11.11%,23.78
t&j nail salon,1,8,12.5%,5.5
tj nail,1,5,20%,2.8
affordable nail salon near me,1,3,33.33%,1
nail near me open,1,3,33.33%,1
tjnails,1,3,33.33%,2.33
mobile pedicure near me,1,1,100%,1
nj nails,1,1,100%,1
nail boutique,1,1,100%,9
j,0,91,0%,1.05
jt nails,0,52,0%,6.44
nail shops near me,0,23,0%,14.48
tnj nails,0,16,0%,6.12
nail salons near me,0,15,0%,10.07
nail shop near me,0,12,0%,18.75
tj nails and spa,0,11,0%,5.36
nails,0,11,0%,10.73
t & j nail design,0,10,0%,14.3
tmj nails,0,9,0%,15.11
nail salon katy tx us,0,8,0%,1
nail salon,0,8,0%,23.62
jt nails & spa,0,7,0%,7.86
tj nails photos,0,6,0%,4.5
jt nails spa,0,6,0%,8.17
t j nails,0,5,0%,1.8
tj nail salon,0,5,0%,3
jt nail,0,5,0%,5.2
t & j nails photos,0,5,0%,6.8
nail salon near me open,0,5,0%,7.8
kids pedicure,0,5,0%,17
nails salon near me,0,5,0%,17.4
t and j nail salon,0,5,0%,21
t and j,0,4,0%,3
tj nails near me,0,4,0%,6
tjs nail salon,0,4,0%,6.25
tj maxx nails,0,4,0%,6.5
nails salons near me,0,4,0%,6.75
girls mobile nail services houston,0,4,0%,11
nail,0,4,0%,12.5
gel manicure near me,0,4,0%,20.5
nail near me,0,4,0%,27.25
katy nails,0,4,0%,28
tnj,0,3,0%,1.67
t&j nail,0,3,0%,2.67
tjs nails,0,3,0%,3
j nails,0,3,0%,3.33
tk nails,0,3,0%,4
j&t nails,0,3,0%,4.33
nail salons near me within 5 mi,0,3,0%,5
jt nail salon,0,3,0%,6.33
jt nails and spa,0,3,0%,7
jt nails near me,0,3,0%,7
nails by me,0,3,0%,7
manicure.,0,3,0%,8
jt nail and spa,0,3,0%,8.67
tj's nails,0,3,0%,11
#nailskaty,0,3,0%,14.67
t & j nail spa,0,3,0%,19.33
nail salon katy near me,0,3,0%,22
nail salons katy,0,3,0%,40
manicure services,0,2,0%,1
t and nails,0,2,0%,1
t&j,0,2,0%,1.5
t and t,0,2,0%,2
t j nails near me,0,2,0%,2.5
m and j nails,0,2,0%,3.5
nail.place near me,0,2,0%,5.5
t&j beauty nails,0,2,0%,6
j and t nails,0,2,0%,6.5
t pro nails & spa,0,2,0%,7
tt nails and spa,0,2,0%,8
katy nail spa,0,2,0%,9.5
nail salon katy mills mall,0,2,0%,10.5
ct nails,0,2,0%,11.5
tj nails hours,0,2,0%,11.5
pedicure near me,0,2,0%,13
nail salons open near me,0,2,0%,14
nail salon near me open now,0,2,0%,15.5
nail shop open near me,0,2,0%,23
t and j nail spa,0,2,0%,24.5
t & j nail salon,0,2,0%,26.5
nail salon near me katy tx,0,2,0%,33.5
nail salons in katy texas,0,2,0%,43.5
nail shop katy,0,2,0%,46
nail shops katy,0,2,0%,51
nail shop,0,2,0%,53
nail salons katy tx,0,2,0%,55.5
nail salons in katy tx,0,2,0%,60
nail salons in katy,0,2,0%,65.5
nail salon in katy tx,0,2,0%,80
affordable pedicure near me,0,1,0%,1
cheap nail salon,0,1,0%,1
j and j nail salon,0,1,0%,1
jay mails,0,1,0%,1
manicure near me,0,1,0%,1
nail boutique near me,0,1,0%,1
nail next to me,0,1,0%,1
nail place near me open,0,1,0%,1
nail salon by kroger,0,1,0%,1
nail salon in arnold,0,1,0%,1
nail salon in wellington,0,1,0%,1
nail salons,0,1,0%,1
nail spa katy,0,1,0%,1
nail spa near me,0,1,0%,1
nails near here,0,1,0%,1
t & j,0,1,0%,1
t&j salon,0,1,0%,1
tcl nails,0,1,0%,1
tg nails,0,1,0%,1
toenail reconstruction pedicure near me,0,1,0%,1
top rated nail salon near me,0,1,0%,1
cheap nails,0,1,0%,2
j & t,0,1,0%,2
tj nail spa,0,1,0%,2
tj nails and lashes,0,1,0%,2
a&j nails,0,1,0%,3
j nails price list,0,1,0%,3
nail salon near me within 1 mi,0,1,0%,3
cheap pedicure,0,1,0%,4
j t nails,0,1,0%,4
nails by jt,0,1,0%,4
nails open at 9,0,1,0%,4
t and t nails near me,0,1,0%,4
tj j,0,1,0%,4
nail salon by little caesars,0,1,0%,5
nearest nail,0,1,0%,5
t&t nail,0,1,0%,5
tj max nails,0,1,0%,5
jenny nail salon,0,1,0%,6
nail salons open until 9pm near me open now,0,1,0%,6
nails shops near me,0,1,0%,6
nailsshop,0,1,0%,6
town and country nail salon,0,1,0%,6
black tip nails,0,1,0%,7
cheap nail shop near me,0,1,0%,7
nail shop downtown,0,1,0%,7
nail shop near me open now,0,1,0%,7
nail shops near me prices,0,1,0%,7
nail shops near me that accept walk-ins,0,1,0%,7
nail time,0,1,0%,7
t and t nail spa,0,1,0%,7
b&t,0,1,0%,8
nail salon near me within 5 mi,0,1,0%,8
nailshop near me,0,1,0%,8
t&j nail spa,0,1,0%,8
tn nails,0,1,0%,8
tt nails,0,1,0%,8
grand opening nail salon near me,0,1,0%,9
t&t nails near me,0,1,0%,9
tjnail,0,1,0%,9
can tho nails near me,0,1,0%,10
nail salon near cvs near me,0,1,0%,10
nearby nail salon,0,1,0%,10
yelp nail salon,0,1,0%,10
jt nails hours,0,1,0%,11
nail salons open until 9,0,1,0%,11
private nail salons near me,0,1,0%,11
t & j nail spa reviews,0,1,0%,11
tj nail salon near me,0,1,0%,11
tj nails prices,0,1,0%,11
jt nail spa,0,1,0%,12
mexican nails,0,1,0%,12
nails by katy,0,1,0%,12
nail studio near me,0,1,0%,13
nails by janet,0,1,0%,13
tina j nails,0,1,0%,13
cheap nail salons near me,0,1,0%,14
nail shop pedicure,0,1,0%,14
nail.salon near me,0,1,0%,14
services offered by kk 2000 nail,0,1,0%,14
nails cheap near me,0,1,0%,15
nails nearby,0,1,0%,16
can thợ nails near me,0,1,0%,18
nail place near me,0,1,0%,18
girls salon party packages houston,0,1,0%,21
nail salon near me prices,0,1,0%,21
nail shop close at 8,0,1,0%,21
nails in katy tx,0,1,0%,21
nail salon by costco,0,1,0%,22
nail.shop near me,0,1,0%,22
tj nails sulphur springs tx,0,1,0%,22
tan j nails,0,1,0%,23
katy nail salon,0,1,0%,24
nails by tj,0,1,0%,24
pedicure katy tx,0,1,0%,26
t&j nails spa,0,1,0%,28
jt nails kerrville,0,1,0%,29
valentines day nails,0,1,0%,29
nail salon 77493,0,1,0%,30
nails salon near target,0,1,0%,30
nail salons that close at 8pm,0,1,0%,31
katy nails near me,0,1,0%,34
tj nails federal way,0,1,0%,35
katy nail salons,0,1,0%,37
can tho nail texas,0,1,0%,39
nail.salon,0,1,0%,39
katy tx nail salon,0,1,0%,41
nail shop katy tx,0,1,0%,41
services offered by t & j nail spa,0,1,0%,55
nail salon katy tx,0,1,0%,66
nails in katy,0,1,0%,106
cheap nail shops,0,1,0%,121