Date,Total crawl requests,Total download size (Bytes),Average response time (ms)
2026-02-03,0,0,0
2026-02-04,5,99125,125
2026-02-05,3,2941,127
2026-02-06,11,201922,110
2026-02-07,7,103591,117
2026-02-08,3,97600,76
2026-02-09,2,2233,60
2026-02-10,17,16339,104
2026-02-11,0,0,0
2026-02-12,0,0,0
2026-02-13,2,2234,98
2026-02-14,5,102069,118
2026-02-15,0,0,0
2026-02-16,3,6725,136
2026-02-17,0,0,0
2026-02-18,7,100543,259
2026-02-19,7,102115,187
2026-02-20,2,2257,159
2026-02-21,10,201950,186
2026-02-22,0,0,0
2026-02-23,1,2257,323
2026-02-24,1,249,50
2026-02-25,0,0,0
2026-02-26,5,8126,176
2026-02-27,0,0,0
2026-02-28,7,196722,102
2026-03-01,1,2257,41
2026-03-02,19,204943,115
2026-03-03,2,2964,132
2026-03-04,0,0,0
2026-03-05,0,0,0
2026-03-06,3,97621,105
2026-03-07,3,6699,143
2026-03-08,0,0,0
2026-03-09,6,11203,91
2026-03-10,0,0,0
2026-03-11,1,15908476,1624
2026-03-12,5,99109,109
2026-03-13,3,4489,21
2026-03-14,11,108554,56
2026-03-15,0,0,0
2026-03-16,0,0,0
2026-03-17,2,2963,63
2026-03-18,4,97582,248
2026-03-19,0,0,0
2026-03-20,1,2255,75
2026-03-21,4,5171,62
2026-03-22,1,249,71
2026-03-23,2,4464,114
2026-03-24,17,111035,75
2026-03-25,4,4464,84
2026-03-26,0,0,0
2026-03-27,0,0,0
2026-03-28,2,4464,69
2026-03-29,2,2232,59
2026-03-30,1,249,66
2026-03-31,1,2256,193
2026-04-01,3,2482,22
2026-04-02,7,196994,87
2026-04-03,5,96891,38
2026-04-04,2,4466,65
2026-04-05,6,7406,44
2026-04-06,0,0,0
2026-04-07,2,2227,204
2026-04-08,0,0,0
2026-04-09,6,8149,139
2026-04-10,6,6683,96
2026-04-11,16,113534,87
2026-04-12,1,2232,66
2026-04-13,0,0,0
2026-04-14,6,195164,315
2026-04-15,0,0,0
2026-04-16,6,101377,44
2026-04-17,1,2232,72
2026-04-18,11,106316,55
2026-04-19,5,99371,56
2026-04-20,5,4458,49
2026-04-21,1,2255,76
2026-04-22,6,9246,64
2026-04-23,0,0,0
2026-04-24,1,2227,363
2026-04-25,1,2231,69
2026-04-26,2,2938,44
2026-04-27,0,0,0
2026-04-28,0,0,0
2026-04-29,6,196719,73
2026-04-30,7,7652,79
2026-05-01,0,0,0
2026-05-02,9,11890,61
2026-05-03,4,99122,70